SubjNum,Age,Gender,Condition,Condition_HardBase,Condition_ImpossibleBase,TrialNumber,TrialNumber_AsFactor,TimeTrying,TimeTrying_sqrt,MaxPSI,MaxPSI_sqrt,HelpSeekingNum_exp,HelpSeekingNum_exp_avg,HelpSeekingRate_exp_avg,HelpSeekingRate_Recovery,NumAffectFrames,TotalPosFrames,TotalNegFrames,NumHints_Recovery
25,17.9,M,Easy,Easy,Easy,1,1,0,3.16227766,NA,NA,0,0,0,0,NA,NA,NA,4
25,17.9,M,Easy,Easy,Easy,2,2,4.624,3.824133889,3.719,3.703916846,0,0,0,0,10,0,0,4
25,17.9,M,Easy,Easy,Easy,3,3,5.95,3.99374511,1.617,3.408372045,0,0,0,0,12,4,0,4
27,18,M,Hard,Hard,Hard,1,1,0.85,3.293933818,0.204,3.194370047,0,0,0,0,2,2,0,2
27,18,M,Hard,Hard,Hard,2,2,0.51,3.241913015,-0.036,3.156580428,0,0,0,0,2,0,0,2
27,18,M,Hard,Hard,Hard,3,3,5.236,3.90333191,3.601,3.687953362,0,0,0,0,11,0,2,2
31,18.77,F,Hard,Hard,Hard,1,1,0,3.16227766,NA,NA,0,0,0,0,NA,NA,NA,NA
31,18.77,F,Hard,Hard,Hard,2,2,0,3.16227766,NA,NA,0,0,0,0,NA,NA,NA,NA
31,18.77,F,Hard,Hard,Hard,3,3,0,3.16227766,NA,NA,0,0,0,0,NA,NA,NA,NA
32,17.9,F,Impossible,Impossible,Impossible,1,1,0,3.16227766,NA,NA,0,0,0,0.00737137,NA,NA,NA,6
32,17.9,F,Impossible,Impossible,Impossible,2,2,0,3.16227766,NA,NA,0,0,0,0.00737137,NA,NA,NA,6
32,17.9,F,Impossible,Impossible,Impossible,3,3,0,3.16227766,NA,NA,0,0,0,0.00737137,NA,NA,NA,6
33,18.47,M,Impossible,Impossible,Impossible,1,1,12.58,4.751841748,3.977,3.738582619,0,0.333333333,0.01666667,0,24,14,0,0
33,18.47,M,Impossible,Impossible,Impossible,2,2,7.514,4.184973118,3.057,3.613447108,0,0.333333333,0.01666667,0,27,2,3,0
33,18.47,M,Impossible,Impossible,Impossible,3,3,2.516,3.537795924,1.448,3.383489323,1,0.333333333,0.01666667,0,5,2,2,0
35,18.27,M,Hard,Hard,Hard,1,1,1.53,3.395585369,0.228,3.19812445,0,0,0,0,4,0,0,4
35,18.27,M,Hard,Hard,Hard,2,2,1.224,3.350223873,0.031,3.167175398,0,0,0,0,4,0,1,4
35,18.27,M,Hard,Hard,Hard,3,3,0,3.16227766,NA,NA,0,0,0,0,NA,NA,NA,4
48,17.83,F,Hard,Hard,Hard,1,1,3.23,3.637306696,0.568,3.250846044,0,0,0,0.022080904,7,0,0,2
48,17.83,F,Hard,Hard,Hard,2,2,0,3.16227766,NA,NA,0,0,0,0.022080904,NA,NA,NA,2
48,17.83,F,Hard,Hard,Hard,3,3,4.658,3.828576759,NA,NA,0,0,0,0.022080904,10,0,7,2
54,19.13,M,Easy,Easy,Easy,1,1,7.012,4.124560583,3.411,3.662103221,NA,2.666666667,0.13333333,0,12,0,0,0
54,19.13,M,Easy,Easy,Easy,2,2,9.588,4.425833255,7.378,4.168692841,0,2.666666667,0.13333333,0,20,0,18,0
54,19.13,M,Easy,Easy,Easy,3,3,5.236,3.90333191,11.715,4.659935622,1,2.666666667,0.13333333,0,11,0,11,0
56,18.07,F,Hard,Hard,Hard,1,1,4.182,3.765899627,0.976,3.313004679,2,1,0.05,0.037975885,9,0,0,3
56,18.07,F,Hard,Hard,Hard,2,2,2.618,3.552182428,1.162,3.340957946,1,1,0.05,0.037975885,6,0,0,3
56,18.07,F,Hard,Hard,Hard,3,3,0,3.16227766,NA,NA,0,1,0.05,0.037975885,NA,NA,NA,3
64,18.6,M,Hard,Hard,Hard,1,1,2.584,3.547393409,NA,NA,0,0,0,0.069531359,5,2,0,0
64,18.6,M,Hard,Hard,Hard,2,2,0,3.16227766,NA,NA,0,0,0,0.069531359,NA,NA,NA,0
64,18.6,M,Hard,Hard,Hard,3,3,0,3.16227766,NA,NA,0,0,0,0.069531359,NA,NA,NA,0
65,18.53,M,Impossible,Impossible,Impossible,1,1,4.462,3.802893635,2.068280455,3.47394307,1,1.666666667,0.08333333,0,11,2,0,1
65,18.53,M,Impossible,Impossible,Impossible,2,2,3.74,3.706750599,4.160837174,3.763088781,4,1.666666667,0.08333333,0,9,0,1,1
65,18.53,M,Impossible,Impossible,Impossible,3,3,1.802,3.435403906,0.001877242,3.162574464,0,1.666666667,0.08333333,0,4,2,2,1
70,19.3,M,Easy,Easy,Easy,1,1,16.634,5.160813889,9.841,4.454323742,1,0.666666667,0.03333333,0,33,0,9,0
70,19.3,M,Easy,Easy,Easy,2,2,2.754,3.571274282,NA,NA,0,0.666666667,0.03333333,0,6,0,6,0
70,19.3,M,Easy,Easy,Easy,3,3,0.612,3.257606483,NA,NA,1,0.666666667,0.03333333,0,2,0,2,0
71,18.27,F,Impossible,Impossible,Impossible,1,1,3.094,3.618563251,3.21,3.634556369,0,0,0,0,9,0,0,0
71,18.27,F,Impossible,Impossible,Impossible,2,2,5.576,3.946644144,NA,NA,0,0,0,0,13,2,5,0
71,18.27,F,Impossible,Impossible,Impossible,3,3,4.012,3.743260611,NA,NA,0,0,0,0,9,0,0,0
73,17.87,M,Easy,Easy,Easy,1,1,9.214,4.383377693,7.978,4.24004717,0,0.666666667,0.03333333,0.039732205,21,1,0,5
73,17.87,M,Easy,Easy,Easy,2,2,1.394,3.375499963,3.987,3.739919785,0,0.666666667,0.03333333,0.039732205,3,0,0,5
73,17.87,M,Easy,Easy,Easy,3,3,0,3.16227766,NA,NA,2,0.666666667,0.03333333,0.039732205,NA,NA,NA,5
74,18.2,M,Easy,Easy,Easy,1,1,5.822,3.977687771,0.157,3.187004864,0,0,0,0,15,0,10,0
74,18.2,M,Easy,Easy,Easy,2,2,8.602,4.313003594,1.142,3.337963451,0,0,0,0,18,0,0,0
74,18.2,M,Easy,Easy,Easy,3,3,4.964,3.868332974,2.292,3.505994866,0,0,0,0,10,0,0,0
77,19.2,M,Impossible,Impossible,Impossible,1,1,6.834,4.102925785,0.398,3.224592998,0,0,0,0,16,13,0,0
77,19.2,M,Impossible,Impossible,Impossible,2,2,1.19,3.345145737,0.711,3.272766414,0,0,0,0,3,0,0,0
77,19.2,M,Impossible,Impossible,Impossible,3,3,3.434,3.665242148,3.064,3.614415582,0,0,0,0,8,0,3,0
82,18.1,F,Impossible,Impossible,Impossible,1,1,0,3.16227766,NA,NA,0,0,0,0,NA,NA,NA,5
82,18.1,F,Impossible,Impossible,Impossible,2,2,0,3.16227766,NA,NA,0,0,0,0,NA,NA,NA,5
82,18.1,F,Impossible,Impossible,Impossible,3,3,0,3.16227766,NA,NA,0,0,0,0,NA,NA,NA,5
86,18.27,F,Easy,Easy,Easy,1,1,1.02,3.319638535,0.086,3.175846344,0,0,0,0,3,0,2,6
86,18.27,F,Easy,Easy,Easy,2,2,0,3.16227766,NA,NA,0,0,0,0,NA,NA,NA,6
86,18.27,F,Easy,Easy,Easy,3,3,1.802,3.435403906,0.549,3.247922413,0,0,0,0,5,0,0,6
87,18.1,M,Hard,Hard,Hard,1,1,8.772,4.332666615,6.992,4.122135369,0,0,0,0,19,1,2,0
87,18.1,M,Hard,Hard,Hard,2,2,1.564,3.400588184,3.856,3.72236484,0,0,0,0,4,0,1,0
87,18.1,M,Hard,Hard,Hard,3,3,4.972,3.869366873,2.986,3.603609302,0,0,0,0,12,0,2,0
88,18.23,F,Easy,Easy,Easy,1,1,4.658,3.828576759,1.148,3.338862082,3,2,0.1,0.026283972,10,7,0,4
88,18.23,F,Easy,Easy,Easy,2,2,0,3.16227766,NA,NA,2,2,0.1,0.026283972,NA,NA,NA,4
88,18.23,F,Easy,Easy,Easy,3,3,0,3.16227766,NA,NA,1,2,0.1,0.026283972,NA,NA,NA,4
90,17.77,M,Impossible,Impossible,Impossible,1,1,15.546,5.054305096,5.952,3.993995493,1,1.333333333,0.06666667,0,31,11,0,0
90,17.77,M,Impossible,Impossible,Impossible,2,2,4.862,3.855126457,7.206,4.148011572,1,1.333333333,0.06666667,0,9,0,7,0
90,17.77,M,Impossible,Impossible,Impossible,3,3,0.382,3.222111109,0.05,3.170173497,2,1.333333333,0.06666667,0,2,0,2,0
91,18.43,M,Hard,Hard,Hard,1,1,9.12,4.372642222,1.734,3.425492665,0,0.666666667,0.03333333,0,18,3,0,0
91,18.43,M,Hard,Hard,Hard,2,2,6.426,4.052900196,2.025,3.467708177,2,0.666666667,0.03333333,0,12,4,0,0
91,18.43,M,Hard,Hard,Hard,3,3,5.1,3.885871846,4.088,3.75339846,0,0.666666667,0.03333333,0,12,0,0,0
92,18.17,F,Easy,Easy,Easy,1,1,6.324,4.040297019,NA,NA,0,1.666666667,0.08333333,0.046537602,13,0,0,0
92,18.17,F,Easy,Easy,Easy,2,2,1.836,3.44034882,3.172,3.629325006,2,1.666666667,0.08333333,0.046537602,4,0,0,0
92,18.17,F,Easy,Easy,Easy,3,3,2.244,3.499142752,0.862,3.295754845,3,1.666666667,0.08333333,0.046537602,4,0,4,0
98,17.93,F,Impossible,Impossible,Impossible,1,1,0,3.16227766,NA,NA,0,0,0,0.006284565,NA,NA,NA,7
98,17.93,F,Impossible,Impossible,Impossible,2,2,0,3.16227766,NA,NA,0,0,0,0.006284565,NA,NA,NA,7
98,17.93,F,Impossible,Impossible,Impossible,3,3,1.572,3.401764248,0.1,3.178049716,0,0,0,0.006284565,5,0,0,7
101,19.17,M,Easy,Easy,Easy,1,1,0,3.16227766,NA,NA,0,0,0,0,NA,NA,NA,1
101,19.17,M,Easy,Easy,Easy,2,2,0,3.16227766,NA,NA,0,0,0,0,NA,NA,NA,1
101,19.17,M,Easy,Easy,Easy,3,3,0,3.16227766,NA,NA,0,0,0,0,NA,NA,NA,1
102,18.7,M,Hard,Hard,Hard,1,1,2.048,3.471022904,0.292,3.208114711,0,0,0,0,6,1,0,0
102,18.7,M,Hard,Hard,Hard,2,2,13.982,4.897142024,5.166,3.894354889,0,0,0,0,29,4,5,0
102,18.7,M,Hard,Hard,Hard,3,3,11.67,4.655104725,5.88,3.984971769,0,0,0,0,25,3,10,0
103,19.03,F,Impossible,Impossible,Impossible,1,1,2.652,3.556964998,2.863,3.586502475,0,0,0,0,8,0,0,0
103,19.03,F,Impossible,Impossible,Impossible,2,2,5.304,3.91203272,1.922,3.45282493,0,0,0,0,11,0,0,0
103,19.03,F,Impossible,Impossible,Impossible,3,3,1.632,3.4105718,4.021,3.744462578,0,0,0,0,4,1,0,0
104,19.1,F,Easy,Easy,Easy,1,1,13.676,4.865799009,6.392,4.048703496,0,0.333333333,0.01666667,0.065505044,28,10,0,0
104,19.1,F,Easy,Easy,Easy,2,2,13.906,4.889376238,4.597,3.820602047,1,0.333333333,0.01666667,0.065505044,28,0,2,0
104,19.1,F,Easy,Easy,Easy,3,3,2.176,3.489412558,2.448,3.528172331,0,0.333333333,0.01666667,0.065505044,NA,NA,NA,0
105,18.9,M,Impossible,Impossible,Impossible,1,1,0,3.16227766,NA,NA,0,0,0,0.014018954,NA,NA,NA,4
105,18.9,M,Impossible,Impossible,Impossible,2,2,0,3.16227766,NA,NA,0,0,0,0.014018954,NA,NA,NA,4
105,18.9,M,Impossible,Impossible,Impossible,3,3,0,3.16227766,NA,NA,0,0,0,0.014018954,NA,NA,NA,4
106,18.2,F,Impossible,Impossible,Impossible,1,1,6.978,4.12043687,0.433,3.23001548,0,0,0,0,16,10,0,0
106,18.2,F,Impossible,Impossible,Impossible,2,2,3.094,3.618563251,1.006,3.317529201,0,0,0,0,6,0,0,0
106,18.2,F,Impossible,Impossible,Impossible,3,3,0,3.16227766,NA,NA,0,0,0,0,NA,NA,NA,0
107,18.97,M,Easy,Easy,Easy,1,1,7.854,4.225399389,3.683,3.699053933,0,0,0,0,16,1,1,7
107,18.97,M,Easy,Easy,Easy,2,2,0,3.16227766,NA,NA,0,0,0,0,NA,NA,NA,7
107,18.97,M,Easy,Easy,Easy,3,3,0,3.16227766,NA,NA,0,0,0,0,NA,NA,NA,7
108,18.97,F,Hard,Hard,Hard,1,1,8.908,4.348333014,4.662,3.829099111,0,0,0,0,18,0,6,0
108,18.97,F,Hard,Hard,Hard,2,2,0.952,3.309380607,2.973,3.601805103,0,0,0,0,2,0,0,0
108,18.97,F,Hard,Hard,Hard,3,3,1.674,3.416723577,2.683,3.56131998,0,0,0,0,5,3,0,0
114,18.27,M,Hard,Hard,Hard,1,1,10.336,4.509545432,1.266,3.356486258,0,0,0,0,22,11,1,0
114,18.27,M,Hard,Hard,Hard,2,2,4.964,3.868332974,1.352,3.369272919,0,0,0,0,15,4,7,0
114,18.27,M,Hard,Hard,Hard,3,3,3.434,3.665242148,0.849,3.293782021,0,0,0,0,NA,NA,NA,0
117,18.73,M,Easy,Easy,Easy,1,1,0,3.16227766,NA,NA,4,NA,NA,0.050405766,NA,NA,NA,1
117,18.73,M,Easy,Easy,Easy,2,2,5.78,3.972404813,4.555,3.815101571,NA,NA,NA,0.050405766,13,1,0,1
117,18.73,M,Easy,Easy,Easy,3,3,1.428,3.380532502,0.006,3.163226201,4,NA,NA,0.050405766,3,3,0,1
118,18.93,M,Hard,Hard,Hard,1,1,10.2,4.494441011,1.944,3.456009259,0,0,0,0,22,4,3,0
118,18.93,M,Hard,Hard,Hard,2,2,7.242,4.152348733,1.108,3.332866634,0,0,0,0,16,13,0,0
118,18.93,M,Hard,Hard,Hard,3,3,5.712,3.963836525,2.123,3.481809874,0,0,0,0,13,7,1,0
119,18.63,M,Impossible,Impossible,Impossible,1,1,8.5,4.301162634,1.214,3.348731103,1,2,0.1,NA,18,0,0,2
119,18.63,M,Impossible,Impossible,Impossible,2,2,4.93,3.863935817,1.236,3.35201432,1,2,0.1,NA,12,0,6,2
119,18.63,M,Impossible,Impossible,Impossible,3,3,0,3.16227766,NA,NA,4,2,0.1,NA,NA,NA,NA,2
122,18.67,F,Easy,Easy,Easy,1,1,3.06,3.6138622,0.334,3.214653947,1,2.333333333,0.11666667,NA,7,0,0,1
122,18.67,F,Easy,Easy,Easy,2,2,1.054,3.32475563,0.456,3.233573874,NA,2.333333333,0.11666667,NA,3,0,0,1
122,18.67,F,Easy,Easy,Easy,3,3,4.556,3.815232627,1.369,3.371794774,1,2.333333333,0.11666667,NA,9,0,0,1
124,18.83,F,Impossible,Impossible,Impossible,1,1,7.65,4.201190308,0.107,3.17915083,0,0,0,0,16,5,0,2
124,18.83,F,Impossible,Impossible,Impossible,2,2,3.74,3.706750599,1.829,3.43933133,0,0,0,0,8,0,0,2
124,18.83,F,Impossible,Impossible,Impossible,3,3,2.108,3.479655155,2.519,3.538219891,0,0,0,0,3,0,0,2
125,18.8,F,Easy,Easy,Easy,1,1,8.33,4.281354926,3.022,3.608600837,0,0.333333333,0.01666667,0,18,8,3,2
125,18.8,F,Easy,Easy,Easy,2,2,0,3.16227766,NA,NA,1,0.333333333,0.01666667,0,NA,NA,NA,2
125,18.8,F,Easy,Easy,Easy,3,3,0,3.16227766,NA,NA,0,0.333333333,0.01666667,0,NA,NA,NA,2
126,18.1,M,Hard,Hard,Hard,1,1,16.626,5.16003876,5.682,3.960050505,0,0.666666667,0.03333333,0,32,4,2,0
126,18.1,M,Hard,Hard,Hard,2,2,9.588,4.425833255,4.925,3.863288754,0,0.666666667,0.03333333,0,18,5,1,0
126,18.1,M,Hard,Hard,Hard,3,3,5.712,3.963836525,2.747,3.570294106,2,0.666666667,0.03333333,0,13,1,5,0
127,18.23,M,Hard,Hard,Hard,1,1,13.982,4.897142024,0.805,3.287095983,0,0.666666667,0.03333333,0,33,0,0,0
127,18.23,M,Hard,Hard,Hard,2,2,4.046,3.747799354,3.568,3.683476619,1,0.666666667,0.03333333,0,9,3,2,0
127,18.23,M,Hard,Hard,Hard,3,3,12.52,4.745524207,5.911,3.988859486,1,0.666666667,0.03333333,0,25,4,4,0
128,18.77,M,Easy,Easy,Easy,1,1,6.766,4.09463063,7.218,4.149457796,0,1.666666667,0.08333333,0.049563838,14,0,0,0
128,18.77,M,Easy,Easy,Easy,2,2,3.774,3.711333992,9.711,4.439707198,2,1.666666667,0.08333333,0.049563838,8,0,0,0
128,18.77,M,Easy,Easy,Easy,3,3,7.038,4.12771123,5.944,3.992993864,3,1.666666667,0.08333333,0.049563838,13,0,0,0
130,18.97,M,Impossible,Impossible,Impossible,1,1,0,3.16227766,NA,NA,0,0,0,0,NA,NA,NA,0
130,18.97,M,Impossible,Impossible,Impossible,2,2,0,3.16227766,NA,NA,0,0,0,0,NA,NA,NA,0
130,18.97,M,Impossible,Impossible,Impossible,3,3,0,3.16227766,NA,NA,0,0,0,0,NA,NA,NA,0
132,18.3,M,Impossible,Impossible,Impossible,1,1,0,3.16227766,NA,NA,0,1.333333333,0.06666667,0,NA,NA,NA,0
132,18.3,M,Impossible,Impossible,Impossible,2,2,0,3.16227766,NA,NA,3,1.333333333,0.06666667,0,NA,NA,NA,0
132,18.3,M,Impossible,Impossible,Impossible,3,3,5.61,3.950949253,1.478,3.387919716,1,1.333333333,0.06666667,0,13,0,0,0
133,19,F,Hard,Hard,Hard,1,1,3.808,3.715911732,0.971,3.312249991,0,0,0,0,9,8,2,0
133,19,F,Hard,Hard,Hard,2,2,5.44,3.929376541,6.575,4.071240597,0,0,0,0,12,0,6,0
133,19,F,Hard,Hard,Hard,3,3,0,3.16227766,NA,NA,0,0,0,0,NA,NA,NA,0
134,18.97,M,Impossible,Impossible,Impossible,1,1,2.618,3.552182428,0.735,3.276430985,1,0.333333333,0.01666667,0,6,1,3,0
134,18.97,M,Impossible,Impossible,Impossible,2,2,4.42,3.797367509,2.639,3.555137128,0,0.333333333,0.01666667,0,9,0,6,0
134,18.97,M,Impossible,Impossible,Impossible,3,3,0.714,3.27322471,1.538,3.396763165,0,0.333333333,0.01666667,0,2,0,2,0
136,19.2,F,Impossible,Impossible,Impossible,1,1,7.854,4.225399389,0.342,3.215898008,0,0.666666667,0.03333333,0.028638525,17,0,0,5
136,19.2,F,Impossible,Impossible,Impossible,2,2,3.842,3.72048384,0.767,3.281310714,1,0.666666667,0.03333333,0.028638525,8,0,2,5
136,19.2,F,Impossible,Impossible,Impossible,3,3,9.52,4.418144407,1.115,3.333916616,1,0.666666667,0.03333333,0.028638525,19,1,0,5
137,17.8,F,Impossible,Impossible,Impossible,1,1,10.506,4.52835511,3.45,3.667424164,0,0,0,0,22,2,0,0
137,17.8,F,Impossible,Impossible,Impossible,2,2,0.68,3.268026928,2.552,3.542880184,0,0,0,0,2,0,1,0
137,17.8,F,Impossible,Impossible,Impossible,3,3,1.53,3.395585369,3.02,3.608323711,0,0,0,0,4,0,4,0
138,17.9,F,Hard,Hard,Hard,1,1,1.87,3.445286635,2.842,3.583573635,1,1.333333333,0.06666667,0.03839656,4,0,2,0
138,17.9,F,Hard,Hard,Hard,2,2,6.12,4.01497198,6.597,4.07394158,3,1.333333333,0.06666667,0.03839656,13,2,7,0
138,17.9,F,Hard,Hard,Hard,3,3,0,3.16227766,NA,NA,0,1.333333333,0.06666667,0.03839656,NA,NA,NA,0
139,18.93,M,Easy,Easy,Easy,1,1,15.232,5.023146424,9.639,4.431591136,0,0,0,0.043401522,30,20,5,2
139,18.93,M,Easy,Easy,Easy,2,2,7.208,4.148252644,6.666,4.082401254,0,0,0,0.043401522,14,0,7,2
139,18.93,M,Easy,Easy,Easy,3,3,7.344,4.164612827,7.192,4.146323673,0,0,0,0.043401522,15,0,9,2
140,17.73,F,Hard,Hard,Hard,1,1,0,3.16227766,NA,NA,0,0.666666667,0.03333333,0,NA,NA,NA,4
140,17.73,F,Hard,Hard,Hard,2,2,0,3.16227766,NA,NA,1,0.666666667,0.03333333,0,NA,NA,NA,4
140,17.73,F,Hard,Hard,Hard,3,3,5.542,3.942334334,1.532,3.395879857,1,0.666666667,0.03333333,0,13,0,0,4
141,18.97,F,Easy,Easy,Easy,1,1,0,3.16227766,NA,NA,0,1,0.05,0.005829884,NA,NA,NA,4
141,18.97,F,Easy,Easy,Easy,2,2,0,3.16227766,NA,NA,2,1,0.05,0.005829884,NA,NA,NA,4
141,18.97,F,Easy,Easy,Easy,3,3,1.802,3.435403906,0.599,3.255610542,1,1,0.05,0.005829884,4,0,0,4
142,19.03,F,Hard,Hard,Hard,1,1,11.084,4.591731699,6.129,4.016092628,0,1.333333333,0.06666667,0.014382281,22,11,4,3
142,19.03,F,Hard,Hard,Hard,2,2,9.622,4.429672674,0.004,3.162910052,3,1.333333333,0.06666667,0.014382281,20,1,5,3
142,19.03,F,Hard,Hard,Hard,3,3,3.196,3.632629901,4.291,3.7803439,1,1.333333333,0.06666667,0.014382281,8,2,1,3
143,17.9,M,Easy,Easy,Easy,1,1,10.208,4.495330911,0.002,3.162593872,0,1,0.05,0,22,0,0,0
143,17.9,M,Easy,Easy,Easy,2,2,2.456,3.529305881,0.503,3.240833226,1,1,0.05,0,6,1,1,0
143,17.9,M,Easy,Easy,Easy,3,3,3.332,3.651301138,1.815,3.437295448,2,1,0.05,0,8,0,8,0
144,19.1,M,Easy,Easy,Easy,1,1,16.6,5.157518783,11.285,4.61356695,0,0.333333333,0.01666667,0,33,0,18,0
144,19.1,M,Easy,Easy,Easy,2,2,17.45,5.239274759,9.725,4.441283598,0,0.333333333,0.01666667,0,35,0,23,0
144,19.1,M,Easy,Easy,Easy,3,3,11.05,4.588027899,6.195,4.024301182,1,0.333333333,0.01666667,0,21,0,16,0
145,19.2,M,Hard,Hard,Hard,1,1,1.768,3.430451865,0.295,3.208582241,0,0,0,0,4,2,0,0
145,19.2,M,Hard,Hard,Hard,2,2,4.556,3.815232627,NA,NA,0,0,0,0,9,5,0,0
145,19.2,M,Hard,Hard,Hard,3,3,3.74,3.706750599,8.517,4.30313839,0,0,0,0,8,4,0,0
146,18.87,M,Impossible,Impossible,Impossible,1,1,10.854,4.566618005,7.637,4.199642842,0,0.333333333,0.01666667,0,23,15,1,0
146,18.87,M,Impossible,Impossible,Impossible,2,2,7.582,4.193089553,4.875,3.856812155,1,0.333333333,0.01666667,0,16,1,2,0
146,18.87,M,Impossible,Impossible,Impossible,3,3,2.04,3.469870315,4.97,3.869108424,0,0.333333333,0.01666667,0,5,0,4,0
147,18.1,M,Impossible,Impossible,Impossible,1,1,0,3.16227766,NA,NA,0,2.333333333,0.11666667,0.048058439,NA,NA,NA,1
147,18.1,M,Impossible,Impossible,Impossible,2,2,0,3.16227766,NA,NA,4,2.333333333,0.11666667,0.048058439,NA,NA,NA,1
147,18.1,M,Impossible,Impossible,Impossible,3,3,0,3.16227766,NA,NA,3,2.333333333,0.11666667,0.048058439,NA,NA,NA,1
148,18.63,M,Easy,Easy,Easy,1,1,15.784,5.077794797,3.091,3.618148698,0,3,0.15,0.040456348,32,12,0,0
148,18.63,M,Easy,Easy,Easy,2,2,2.924,3.594996523,1.341,3.367640123,2,3,0.15,0.040456348,8,0,0,0
148,18.63,M,Easy,Easy,Easy,3,3,0,3.16227766,NA,NA,NA,3,0.15,0.040456348,NA,NA,NA,0
149,17.7,F,Hard,Hard,Hard,1,1,5.618,3.951961538,0.321,3.21263132,1,2,0.1,0,13,1,0,2
149,17.7,F,Hard,Hard,Hard,2,2,2.89,3.590264614,5.972,3.996498467,3,2,0.1,0,6,0,2,2
149,17.7,F,Hard,Hard,Hard,3,3,0,3.16227766,NA,NA,2,2,0.1,0,NA,NA,NA,2
152,19.1,F,Hard,Hard,Hard,1,1,4.182,3.765899627,2.858,3.585805349,0,0,0,0,9,0,0,0
152,19.1,F,Hard,Hard,Hard,2,2,2.312,3.508845964,5.194,3.897948178,0,0,0,0,5,2,0,0
152,19.1,F,Hard,Hard,Hard,3,3,3.91,3.72961124,4.149,3.761515652,0,0,0,0,8,0,0,0
156,17.93,F,Easy,Easy,Easy,1,1,7.446,4.176840912,5.022,3.875822493,2,1.333333333,0.06666667,0,17,2,0,1
156,17.93,F,Easy,Easy,Easy,2,2,1.836,3.44034882,4.104,3.755529257,1,1.333333333,0.06666667,0,4,0,4,1
156,17.93,F,Easy,Easy,Easy,3,3,3,3.605551275,8.949,4.353044911,1,1.333333333,0.06666667,0,7,0,7,1
157,17.73,M,Hard,Hard,Hard,1,1,10.642,4.543346784,3.497,3.673826343,0,0.333333333,0.01666667,0,23,5,1,3
157,17.73,M,Hard,Hard,Hard,2,2,2.482,3.532987404,5.248,3.904868756,1,0.333333333,0.01666667,0,5,1,1,3
157,17.73,M,Hard,Hard,Hard,3,3,0,3.16227766,NA,NA,0,0.333333333,0.01666667,0,NA,NA,NA,3
159,18.83,M,Impossible,Impossible,Impossible,1,1,11.118,4.595432515,0.534,3.245612423,0,0.333333333,0.01666667,0.050797521,24,1,0,0
159,18.83,M,Impossible,Impossible,Impossible,2,2,5.95,3.99374511,7.319,4.161610265,1,0.333333333,0.01666667,0.050797521,14,0,2,0
159,18.83,M,Impossible,Impossible,Impossible,3,3,4.998,3.872725139,5.547,3.942968425,0,0.333333333,0.01666667,0.050797521,11,1,1,0
161,19.2,M,Hard,Hard,Hard,1,1,2.006,3.464967532,0.327,3.213564999,1,1.666666667,0.083333333,NA,4,0,0,NA
161,19.2,M,Hard,Hard,Hard,2,2,4.148,3.761382724,0.836,3.291808014,4,1.666666667,0.083333333,NA,9,2,3,NA
161,19.2,M,Hard,Hard,Hard,3,3,0.442,3.231408362,0.317,3.212008717,0,1.666666667,0.083333333,NA,1,1,0,NA
162,18.33,M,Easy,Easy,Easy,1,1,14.73,4.972926704,3.846,3.721021365,0,0,0,0,29,10,8,0
162,18.33,M,Easy,Easy,Easy,2,2,4.692,3.833014479,5.861,3.982587099,0,0,0,0,10,0,3,0
162,18.33,M,Easy,Easy,Easy,3,3,4.122,3.757924959,3.627,3.691476669,0,0,0,0,9,3,5,0
164,19.2,M,Impossible,Impossible,Impossible,1,1,11.424,4.628606702,3.318,3.64938351,0,0,0,0,23,8,1,0
164,19.2,M,Impossible,Impossible,Impossible,2,2,3.366,3.655954048,7.813,4.220544989,0,0,0,0,6,2,0,0
164,19.2,M,Impossible,Impossible,Impossible,3,3,4.284,3.779417945,1.027,3.320692699,0,0,0,0,10,0,0,0
168,19.17,M,Impossible,Impossible,Impossible,1,1,18.742,5.361156592,1.825,3.438749773,0,0.333333333,0.01666667,0,NA,NA,NA,0
168,19.17,M,Impossible,Impossible,Impossible,2,2,6.494,4.061280586,8.301,4.277966807,1,0.333333333,0.01666667,0,NA,NA,NA,0
168,19.17,M,Impossible,Impossible,Impossible,3,3,12.656,4.75983193,4.31,3.782856064,0,0.333333333,0.01666667,0,NA,NA,NA,0
171,18.5,M,Impossible,Impossible,Impossible,1,1,0,3.16227766,NA,NA,0,0,0,0,NA,NA,NA,1
171,18.5,M,Impossible,Impossible,Impossible,2,2,0,3.16227766,NA,NA,0,0,0,0,NA,NA,NA,1
171,18.5,M,Impossible,Impossible,Impossible,3,3,0,3.16227766,NA,NA,0,0,0,0,NA,NA,NA,1
173,19.13,M,Easy,Easy,Easy,1,1,3.128,3.623258202,9.947,4.466206444,4,1.333333333,0.06666667,0,6,1,1,0
173,19.13,M,Easy,Easy,Easy,2,2,3.434,3.665242148,9.867,4.457241299,0,1.333333333,0.06666667,0,8,0,0,0
173,19.13,M,Easy,Easy,Easy,3,3,1.428,3.380532502,5.947,3.993369505,0,1.333333333,0.06666667,0,3,0,0,0
178,17.97,M,Hard,Hard,Hard,1,1,1.088,3.329864862,0.425,3.228776858,0,0,0,0,3,0,0,0
178,17.97,M,Hard,Hard,Hard,2,2,6.29,4.036087214,0.732,3.275973138,0,0,0,0,15,2,0,0
178,17.97,M,Hard,Hard,Hard,3,3,8.058,4.249470555,4.331,3.785630727,0,0,0,0,17,0,0,0
180,18.73,M,Easy,Easy,Easy,1,1,10.574,4.535857141,5.321,3.9142049,0,0.666666667,0.03333333,0.070195142,NA,NA,NA,0
180,18.73,M,Easy,Easy,Easy,2,2,7.242,4.152348733,10.071,4.480066964,1,0.666666667,0.03333333,0.070195142,15,0,11,0
180,18.73,M,Easy,Easy,Easy,3,3,3.366,3.655954048,6.188,4.023431371,1,0.666666667,0.03333333,0.070195142,6,0,5,0
181,19,M,Hard,Hard,Hard,1,1,9.588,4.425833255,3.619,3.690392933,0,0.666666667,0.03333333,0,20,20,0,0
181,19,M,Hard,Hard,Hard,2,2,7.106,4.135940038,4.435,3.799342048,0,0.666666667,0.03333333,0,16,7,0,0
181,19,M,Hard,Hard,Hard,3,3,4.386,3.792888082,5.749,3.968500976,2,0.666666667,0.03333333,0,9,3,0,0
183,17.7,M,Impossible,Impossible,Impossible,1,1,12.75,4.769696007,2.832,3.582178108,0,0,0,0,26,0,9,0
183,17.7,M,Impossible,Impossible,Impossible,2,2,1.836,3.44034882,0.529,3.244842061,0,0,0,0,5,0,0,0
183,17.7,M,Impossible,Impossible,Impossible,3,3,0,3.16227766,NA,NA,0,0,0,0,NA,NA,NA,0
184,18.17,M,Hard,Hard,Hard,1,1,0.272,3.2049961,0.153,3.186377253,0,0,0,0,1,0,0,0
184,18.17,M,Hard,Hard,Hard,2,2,5.202,3.898974224,2.943,3.597638114,0,0,0,0,11,5,10,0
184,18.17,M,Hard,Hard,Hard,3,3,16.184,5.117030389,1.378,3.373129111,0,0,0,0,32,0,1,0
185,18.97,M,Impossible,Impossible,Impossible,1,1,10.03,4.4754888,3.727,3.704996626,0,0,0,0,22,0,0,0
185,18.97,M,Impossible,Impossible,Impossible,2,2,4.488,3.80631055,2.015,3.466266002,0,0,0,0,10,0,0,0
185,18.97,M,Impossible,Impossible,Impossible,3,3,4.632,3.825179734,2.348,3.513972111,0,0,0,0,10,0,0,0
192,18.7,F,Easy,Easy,Easy,1,1,3.638,3.692966287,2.008,3.465256123,4,1.666666667,0.08333333,0,8,5,3,0
192,18.7,F,Easy,Easy,Easy,2,2,7.182,4.14511761,5.283,3.909347772,0,1.666666667,0.08333333,0,15,2,1,0
192,18.7,F,Easy,Easy,Easy,3,3,3.306,3.647739026,2.64,3.555277767,1,1.666666667,0.08333333,0,7,5,0,0
194,18.23,F,Easy,Easy,Easy,1,1,7.242,4.152348733,1.437,3.381863392,1,2.666666667,0.13333333,0,15,1,3,1
194,18.23,F,Easy,Easy,Easy,2,2,0,3.16227766,NA,NA,NA,2.666666667,0.13333333,0,NA,NA,NA,1
194,18.23,F,Easy,Easy,Easy,3,3,0,3.16227766,NA,NA,2,2.666666667,0.13333333,0,NA,NA,NA,1
197,19.07,M,Easy,Easy,Easy,1,1,12.852,4.780376554,5.429,3.927976578,1,0.666666667,0.03333333,0,26,1,2,0
197,19.07,M,Easy,Easy,Easy,2,2,3.774,3.711333992,2.098,3.478217935,1,0.666666667,0.03333333,0,8,0,0,0
197,19.07,M,Easy,Easy,Easy,3,3,3.298,3.646642291,3.035,3.61040164,0,0.666666667,0.03333333,0,7,0,0,0
198,19.07,M,Easy,Easy,Easy,1,1,2.38,3.518522417,5.822,3.977687771,1,0.666666667,0.03333333,0,5,5,0,5
198,19.07,M,Easy,Easy,Easy,2,2,2.312,3.508845964,4.971,3.869237651,1,0.666666667,0.03333333,0,5,0,0,5
198,19.07,M,Easy,Easy,Easy,3,3,0.918,3.304239701,1.245,3.353356527,0,0.666666667,0.03333333,0,2,0,0,5
200,17.87,F,Hard,Hard,Hard,1,1,6.528,4.065464303,4.352,3.788403358,2,0.666666667,0.03333333,0,13,1,0,0
200,17.87,F,Hard,Hard,Hard,2,2,7.658,4.202142311,4.449,3.801184026,0,0.666666667,0.03333333,0,14,0,7,0
200,17.87,F,Hard,Hard,Hard,3,3,4.42,3.797367509,2.545,3.54189215,0,0.666666667,0.03333333,0,9,0,3,0
201,18.3,M,Impossible,Impossible,Impossible,1,1,13.438,4.841280822,2.503,3.535958145,1,1.333333333,0.06666667,0,28,7,5,4
201,18.3,M,Impossible,Impossible,Impossible,2,2,5.576,3.946644144,2.828,3.581619745,3,1.333333333,0.06666667,0,12,5,0,4
201,18.3,M,Impossible,Impossible,Impossible,3,3,2.04,3.469870315,2.803,3.578128002,0,1.333333333,0.06666667,0,5,0,5,4
204,18.67,M,Hard,Hard,Hard,1,1,13.226,4.819336054,1.987,3.462224718,0,0.333333333,0.01666667,0,27,0,0,0
204,18.67,M,Hard,Hard,Hard,2,2,4.318,3.783913318,4.942,3.865488326,0,0.333333333,0.01666667,0,10,8,0,0
204,18.67,M,Hard,Hard,Hard,3,3,9.494,4.415201015,6.008,4.000999875,1,0.333333333,0.01666667,0,18,18,0,0
206,18.6,F,Impossible,Impossible,Impossible,1,1,6.562,4.069643719,0.322,3.212786952,0,0,0,0,14,0,0,6
206,18.6,F,Impossible,Impossible,Impossible,2,2,9.29,4.392038251,1.27,3.357082066,0,0,0,0,19,0,4,6
206,18.6,F,Impossible,Impossible,Impossible,3,3,4.726,3.837447068,1.916,3.451955967,0,0,0,0,10,4,0,6
207,17.8,F,Easy,Easy,Easy,1,1,6.12,4.01497198,5.422,3.927085433,1,0.333333333,0.01666667,0,13,0,0,0
207,17.8,F,Easy,Easy,Easy,2,2,4.998,3.872725139,2.488,3.533836442,0,0.333333333,0.01666667,0,12,0,3,0
207,17.8,F,Easy,Easy,Easy,3,3,4.488,3.80631055,2.163,3.487549283,0,0.333333333,0.01666667,0,10,0,10,0
208,18.9,F,Impossible,Impossible,Impossible,1,1,2.55,3.542597917,1.152,3.339461034,0,0,0,0,6,1,0,1
208,18.9,F,Impossible,Impossible,Impossible,2,2,2.04,3.469870315,1.083,3.329113996,0,0,0,0,5,0,0,1
208,18.9,F,Impossible,Impossible,Impossible,3,3,6.774,4.095607403,1.298,3.361249768,0,0,0,0,15,0,0,1
209,17.77,M,Hard,Hard,Hard,1,1,2.55,3.542597917,NA,NA,0,1,0.05,0,6,0,4,1
209,17.77,M,Hard,Hard,Hard,2,2,8.5,4.301162634,NA,NA,0,1,0.05,0,17,0,15,1
209,17.77,M,Hard,Hard,Hard,3,3,0,3.16227766,NA,NA,3,1,0.05,0,NA,NA,NA,1
212,17.67,F,Hard,Hard,Hard,1,1,9.486,4.414294961,3.883,3.725989801,1,1,0.05,0,21,0,0,0
212,17.67,F,Hard,Hard,Hard,2,2,7.106,4.135940038,4.035,3.746331539,1,1,0.05,0,15,0,0,0
212,17.67,F,Hard,Hard,Hard,3,3,8.432,4.293250517,5.928,3.990989852,1,1,0.05,0,18,9,9,0
216,17.7,M,Easy,Easy,Easy,1,1,7.624,4.198094806,0.87,3.296968304,2,2.666666667,0.13333333,0.077346998,16,5,0,4
216,17.7,M,Easy,Easy,Easy,2,2,0,3.16227766,NA,NA,4,2.666666667,0.13333333,0.077346998,NA,NA,NA,4
216,17.7,M,Easy,Easy,Easy,3,3,0,3.16227766,NA,NA,2,2.666666667,0.13333333,0.077346998,NA,NA,NA,4
217,18.57,M,Impossible,Impossible,Impossible,1,1,6.018,4.002249368,1.152,3.339461034,0,0.333333333,0.01666667,0.050981392,13,0,1,0
217,18.57,M,Impossible,Impossible,Impossible,2,2,4.352,3.788403358,1.276,3.357975581,1,0.333333333,0.01666667,0.050981392,9,0,0,0
217,18.57,M,Impossible,Impossible,Impossible,3,3,0,3.16227766,NA,NA,0,0.333333333,0.01666667,0.050981392,NA,NA,NA,0
218,18.07,F,Easy,Easy,Easy,1,1,7.446,4.176840912,4.706,3.834840284,1,0.333333333,0.01666667,0,16,2,0,0
218,18.07,F,Easy,Easy,Easy,2,2,6.664,4.082156293,1.792,3.433948165,0,0.333333333,0.01666667,0,15,2,0,0
218,18.07,F,Easy,Easy,Easy,3,3,1.36,3.370459909,1.735,3.425638627,0,0.333333333,0.01666667,0,3,2,0,0
220,18.6,F,Impossible,Impossible,Impossible,1,1,12.342,4.726732487,1.26,3.355592347,1,0.666666667,0.03333333,NA,23,15,0,7
220,18.6,F,Impossible,Impossible,Impossible,2,2,4.862,3.855126457,1.334,3.366600659,0,0.666666667,0.03333333,NA,10,0,0,7
220,18.6,F,Impossible,Impossible,Impossible,3,3,0,3.16227766,NA,NA,1,0.666666667,0.03333333,NA,NA,NA,NA,7
221,17.8,F,Easy,Easy,Easy,1,1,9.214,4.383377693,3.777,3.711738137,0,1.333333333,0.06666667,0.026473469,19,19,0,5
221,17.8,F,Easy,Easy,Easy,2,2,1.496,3.390575172,1.196,3.346042438,0,1.333333333,0.06666667,0.026473469,3,2,0,5
221,17.8,F,Easy,Easy,Easy,3,3,0,3.16227766,NA,NA,4,1.333333333,0.06666667,0.026473469,NA,NA,NA,5
224,19.13,M,Hard,Hard,Hard,1,1,3.944,3.734166574,1.513,3.393081196,0,0,0,0,9,8,0,0
224,19.13,M,Hard,Hard,Hard,2,2,17.306,5.225514329,3.949,3.734836007,0,0,0,0,25,12,0,0
224,19.13,M,Hard,Hard,Hard,3,3,2.652,3.556964998,NA,NA,0,0,0,0,6,0,1,0
230,19.23,M,Hard,Hard,Hard,1,1,9.588,4.425833255,2.047,3.470878851,0,0,0,0,26,5,1,2
230,19.23,M,Hard,Hard,Hard,2,2,0.646,3.262820865,0.761,3.280396318,0,0,0,0,1,1,0,2
230,19.23,M,Hard,Hard,Hard,3,3,0,3.16227766,NA,NA,0,0,0,0,NA,NA,NA,2
235,17.97,F,Impossible,Impossible,Impossible,1,1,4.326,3.784970277,0.367,3.219782601,0,0,0,0,9,0,0,0
235,17.97,F,Impossible,Impossible,Impossible,2,2,5.372,3.920714221,2.518,3.538078575,0,0,0,0,11,2,0,0
235,17.97,F,Impossible,Impossible,Impossible,3,3,12.954,4.791033291,1.231,3.351268417,0,0,0,0,26,0,0,0
